Создан как новый массив данных;Образец 1523 полученный PEService Дата пятница, декабря 01 2023
cm-1;%T
4000,00;101,21
3999,00;101,21
3998,00;101,21
3997,00;101,21
3996,00;101,21
3995,00;101,21
3994,00;101,21
3993,00;101,21
3992,00;101,21
3991,00;101,21
3990,00;101,21
3989,00;101,21
3988,00;101,21
3987,00;101,20
3986,00;101,20
3985,00;101,20
3984,00;101,20
3983,00;101,20
3982,00;101,20
3981,00;101,20
3980,00;101,19
3979,00;101,19
3978,00;101,19
3977,00;101,19
3976,00;101,19
3975,00;101,19
3974,00;101,19
3973,00;101,19
3972,00;101,19
3971,00;101,19
3970,00;101,19
3969,00;101,20
3968,00;101,20
3967,00;101,20
3966,00;101,20
3965,00;101,20
3964,00;101,21
3963,00;101,21
3962,00;101,21
3961,00;101,21
3960,00;101,21
3959,00;101,21
3958,00;101,21
3957,00;101,21
3956,00;101,21
3955,00;101,21
3954,00;101,21
3953,00;101,21
3952,00;101,21
3951,00;101,21
3950,00;101,21
3949,00;101,21
3948,00;101,21
3947,00;101,22
3946,00;101,22
3945,00;101,22
3944,00;101,21
3943,00;101,21
3942,00;101,21
3941,00;101,21
3940,00;101,21
3939,00;101,21
3938,00;101,21
3937,00;101,21
3936,00;101,21
3935,00;101,21
3934,00;101,21
3933,00;101,22
3932,00;101,22
3931,00;101,22
3930,00;101,22
3929,00;101,22
3928,00;101,22
3927,00;101,21
3926,00;101,22
3925,00;101,22
3924,00;101,22
3923,00;101,22
3922,00;101,21
3921,00;101,21
3920,00;101,21
3919,00;101,21
3918,00;101,21
3917,00;101,21
3916,00;101,21
3915,00;101,21
3914,00;101,21
3913,00;101,21
3912,00;101,21
3911,00;101,21
3910,00;101,21
3909,00;101,20
3908,00;101,20
3907,00;101,20
3906,00;101,20
3905,00;101,20
3904,00;101,20
3903,00;101,21
3902,00;101,21
3901,00;101,21
3900,00;101,21
3899,00;101,21
3898,00;101,20
3897,00;101,20
3896,00;101,20
3895,00;101,20
3894,00;101,20
3893,00;101,20
3892,00;101,20
3891,00;101,20
3890,00;101,20
3889,00;101,20
3888,00;101,20
3887,00;101,21
3886,00;101,21
3885,00;101,21
3884,00;101,21
3883,00;101,21
3882,00;101,21
3881,00;101,21
3880,00;101,21
3879,00;101,20
3878,00;101,20
3877,00;101,20
3876,00;101,20
3875,00;101,20
3874,00;101,20
3873,00;101,20
3872,00;101,20
3871,00;101,20
3870,00;101,20
3869,00;101,20
3868,00;101,20
3867,00;101,20
3866,00;101,20
3865,00;101,20
3864,00;101,20
3863,00;101,20
3862,00;101,20
3861,00;101,19
3860,00;101,19
3859,00;101,20
3858,00;101,19
3857,00;101,19
3856,00;101,19
3855,00;101,19
3854,00;101,20
3853,00;101,20
3852,00;101,20
3851,00;101,21
3850,00;101,21
3849,00;101,21
3848,00;101,21
3847,00;101,21
3846,00;101,21
3845,00;101,20
3844,00;101,20
3843,00;101,20
3842,00;101,20
3841,00;101,20
3840,00;101,19
3839,00;101,20
3838,00;101,20
3837,00;101,20
3836,00;101,20
3835,00;101,20
3834,00;101,20
3833,00;101,21
3832,00;101,21
3831,00;101,20
3830,00;101,20
3829,00;101,20
3828,00;101,20
3827,00;101,20
3826,00;101,20
3825,00;101,20
3824,00;101,21
3823,00;101,21
3822,00;101,21
3821,00;101,21
3820,00;101,21
3819,00;101,20
3818,00;101,21
3817,00;101,21
3816,00;101,21
3815,00;101,21
3814,00;101,21
3813,00;101,21
3812,00;101,21
3811,00;101,21
3810,00;101,20
3809,00;101,20
3808,00;101,20
3807,00;101,21
3806,00;101,21
3805,00;101,21
3804,00;101,21
3803,00;101,21
3802,00;101,21
3801,00;101,21
3800,00;101,21
3799,00;101,21
3798,00;101,21
3797,00;101,21
3796,00;101,21
3795,00;101,21
3794,00;101,21
3793,00;101,21
3792,00;101,20
3791,00;101,20
3790,00;101,20
3789,00;101,20
3788,00;101,20
3787,00;101,20
3786,00;101,21
3785,00;101,21
3784,00;101,21
3783,00;101,21
3782,00;101,21
3781,00;101,21
3780,00;101,20
3779,00;101,20
3778,00;101,20
3777,00;101,20
3776,00;101,20
3775,00;101,20
3774,00;101,20
3773,00;101,20
3772,00;101,20
3771,00;101,20
3770,00;101,20
3769,00;101,20
3768,00;101,20
3767,00;101,20
3766,00;101,20
3765,00;101,20
3764,00;101,20
3763,00;101,20
3762,00;101,19
3761,00;101,19
3760,00;101,19
3759,00;101,19
3758,00;101,20
3757,00;101,19
3756,00;101,19
3755,00;101,19
3754,00;101,19
3753,00;101,20
3752,00;101,20
3751,00;101,21
3750,00;101,21
3749,00;101,21
3748,00;101,21
3747,00;101,21
3746,00;101,21
3745,00;101,21
3744,00;101,21
3743,00;101,21
3742,00;101,21
3741,00;101,21
3740,00;101,21
3739,00;101,21
3738,00;101,21
3737,00;101,22
3736,00;101,22
3735,00;101,22
3734,00;101,21
3733,00;101,21
3732,00;101,21
3731,00;101,21
3730,00;101,21
3729,00;101,21
3728,00;101,21
3727,00;101,21
3726,00;101,21
3725,00;101,21
3724,00;101,20
3723,00;101,20
3722,00;101,20
3721,00;101,20
3720,00;101,19
3719,00;101,19
3718,00;101,19
3717,00;101,19
3716,00;101,19
3715,00;101,19
3714,00;101,19
3713,00;101,20
3712,00;101,20
3711,00;101,20
3710,00;101,20
3709,00;101,20
3708,00;101,20
3707,00;101,19
3706,00;101,19
3705,00;101,19
3704,00;101,19
3703,00;101,19
3702,00;101,19
3701,00;101,18
3700,00;101,18
3699,00;101,18
3698,00;101,18
3697,00;101,18
3696,00;101,18
3695,00;101,18
3694,00;101,18
3693,00;101,18
3692,00;101,17
3691,00;101,17
3690,00;101,17
3689,00;101,17
3688,00;101,17
3687,00;101,17
3686,00;101,17
3685,00;101,17
3684,00;101,17
3683,00;101,17
3682,00;101,17
3681,00;101,17
3680,00;101,16
3679,00;101,16
3678,00;101,16
3677,00;101,15
3676,00;101,15
3675,00;101,15
3674,00;101,15
3673,00;101,14
3672,00;101,14
3671,00;101,15
3670,00;101,15
3669,00;101,14
3668,00;101,14
3667,00;101,14
3666,00;101,13
3665,00;101,13
3664,00;101,13
3663,00;101,12
3662,00;101,12
3661,00;101,11
3660,00;101,11
3659,00;101,11
3658,00;101,11
3657,00;101,11
3656,00;101,11
3655,00;101,10
3654,00;101,10
3653,00;101,10
3652,00;101,10
3651,00;101,10
3650,00;101,10
3649,00;101,10
3648,00;101,10
3647,00;101,10
3646,00;101,10
3645,00;101,10
3644,00;101,09
3643,00;101,09
3642,00;101,09
3641,00;101,08
3640,00;101,08
3639,00;101,08
3638,00;101,07
3637,00;101,07
3636,00;101,07
3635,00;101,07
3634,00;101,07
3633,00;101,07
3632,00;101,07
3631,00;101,07
3630,00;101,07
3629,00;101,07
3628,00;101,07
3627,00;101,07
3626,00;101,07
3625,00;101,08
3624,00;101,07
3623,00;101,07
3622,00;101,07
3621,00;101,07
3620,00;101,07
3619,00;101,07
3618,00;101,07
3617,00;101,07
3616,00;101,07
3615,00;101,07
3614,00;101,07
3613,00;101,07
3612,00;101,07
3611,00;101,07
3610,00;101,07
3609,00;101,07
3608,00;101,07
3607,00;101,07
3606,00;101,07
3605,00;101,07
3604,00;101,07
3603,00;101,07
3602,00;101,07
3601,00;101,07
3600,00;101,07
3599,00;101,07
3598,00;101,07
3597,00;101,06
3596,00;101,06
3595,00;101,06
3594,00;101,06
3593,00;101,06
3592,00;101,06
3591,00;101,06
3590,00;101,06
3589,00;101,06
3588,00;101,06
3587,00;101,06
3586,00;101,06
3585,00;101,06
3584,00;101,06
3583,00;101,05
3582,00;101,05
3581,00;101,05
3580,00;101,05
3579,00;101,04
3578,00;101,04
3577,00;101,04
3576,00;101,03
3575,00;101,03
3574,00;101,03
3573,00;101,03
3572,00;101,03
3571,00;101,03
3570,00;101,03
3569,00;101,03
3568,00;101,02
3567,00;101,02
3566,00;101,02
3565,00;101,02
3564,00;101,02
3563,00;101,02
3562,00;101,02
3561,00;101,01
3560,00;101,01
3559,00;101,00
3558,00;101,00
3557,00;101,00
3556,00;100,99
3555,00;100,99
3554,00;100,99
3553,00;100,99
3552,00;100,99
3551,00;100,99
3550,00;100,99
3549,00;100,99
3548,00;100,99
3547,00;100,99
3546,00;100,99
3545,00;100,99
3544,00;100,99
3543,00;100,99
3542,00;100,99
3541,00;100,99
3540,00;100,98
3539,00;100,98
3538,00;100,98
3537,00;100,98
3536,00;100,98
3535,00;100,98
3534,00;100,97
3533,00;100,97
3532,00;100,97
3531,00;100,97
3530,00;100,97
3529,00;100,97
3528,00;100,97
3527,00;100,97
3526,00;100,97
3525,00;100,97
3524,00;100,97
3523,00;100,97
3522,00;100,97
3521,00;100,96
3520,00;100,96
3519,00;100,96
3518,00;100,95
3517,00;100,95
3516,00;100,95
3515,00;100,95
3514,00;100,95
3513,00;100,94
3512,00;100,94
3511,00;100,93
3510,00;100,93
3509,00;100,92
3508,00;100,92
3507,00;100,91
3506,00;100,91
3505,00;100,90
3504,00;100,90
3503,00;100,90
3502,00;100,90
3501,00;100,89
3500,00;100,88
3499,00;100,88
3498,00;100,87
3497,00;100,87
3496,00;100,86
3495,00;100,86
3494,00;100,85
3493,00;100,84
3492,00;100,84
3491,00;100,83
3490,00;100,83
3489,00;100,82
3488,00;100,82
3487,00;100,82
3486,00;100,81
3485,00;100,80
3484,00;100,80
3483,00;100,79
3482,00;100,79
3481,00;100,79
3480,00;100,80
3479,00;100,79
3478,00;100,78
3477,00;100,77
3476,00;100,76
3475,00;100,75
3474,00;100,74
3473,00;100,74
3472,00;100,74
3471,00;100,75
3470,00;100,75
3469,00;100,76
3468,00;100,75
3467,00;100,74
3466,00;100,72
3465,00;100,70
3464,00;100,69
3463,00;100,67
3462,00;100,66
3461,00;100,65
3460,00;100,64
3459,00;100,63
3458,00;100,62
3457,00;100,60
3456,00;100,59
3455,00;100,58
3454,00;100,57
3453,00;100,55
3452,00;100,54
3451,00;100,53
3450,00;100,51
3449,00;100,50
3448,00;100,49
3447,00;100,48
3446,00;100,46
3445,00;100,45
3444,00;100,43
3443,00;100,41
3442,00;100,40
3441,00;100,38
3440,00;100,38
3439,00;100,38
3438,00;100,39
3437,00;100,40
3436,00;100,42
3435,00;100,43
3434,00;100,44
3433,00;100,46
3432,00;100,48
3431,00;100,51
3430,00;100,53
3429,00;100,56
3428,00;100,58
3427,00;100,60
3426,00;100,62
3425,00;100,64
3424,00;100,66
3423,00;100,68
3422,00;100,70
3421,00;100,71
3420,00;100,73
3419,00;100,74
3418,00;100,75
3417,00;100,76
3416,00;100,77
3415,00;100,78
3414,00;100,79
3413,00;100,80
3412,00;100,81
3411,00;100,82
3410,00;100,83
3409,00;100,83
3408,00;100,83
3407,00;100,84
3406,00;100,84
3405,00;100,84
3404,00;100,85
3403,00;100,86
3402,00;100,87
3401,00;100,87
3400,00;100,87
3399,00;100,87
3398,00;100,87
3397,00;100,87
3396,00;100,86
3395,00;100,86
3394,00;100,87
3393,00;100,87
3392,00;100,87
3391,00;100,87
3390,00;100,87
3389,00;100,87
3388,00;100,87
3387,00;100,86
3386,00;100,86
3385,00;100,86
3384,00;100,86
3383,00;100,86
3382,00;100,86
3381,00;100,86
3380,00;100,86
3379,00;100,86
3378,00;100,86
3377,00;100,86
3376,00;100,86
3375,00;100,86
3374,00;100,86
3373,00;100,86
3372,00;100,86
3371,00;100,87
3370,00;100,88
3369,00;100,88
3368,00;100,88
3367,00;100,88
3366,00;100,88
3365,00;100,87
3364,00;100,87
3363,00;100,87
3362,00;100,87
3361,00;100,87
3360,00;100,87
3359,00;100,87
3358,00;100,87
3357,00;100,87
3356,00;100,87
3355,00;100,87
3354,00;100,87
3353,00;100,87
3352,00;100,88
3351,00;100,88
3350,00;100,88
3349,00;100,88
3348,00;100,88
3347,00;100,88
3346,00;100,88
3345,00;100,88
3344,00;100,88
3343,00;100,88
3342,00;100,88
3341,00;100,88
3340,00;100,88
3339,00;100,89
3338,00;100,89
3337,00;100,89
3336,00;100,88
3335,00;100,88
3334,00;100,88
3333,00;100,88
3332,00;100,88
3331,00;100,88
3330,00;100,88
3329,00;100,89
3328,00;100,88
3327,00;100,89
3326,00;100,89
3325,00;100,89
3324,00;100,89
3323,00;100,88
3322,00;100,88
3321,00;100,88
3320,00;100,88
3319,00;100,88
3318,00;100,88
3317,00;100,89
3316,00;100,88
3315,00;100,88
3314,00;100,88
3313,00;100,88
3312,00;100,88
3311,00;100,88
3310,00;100,88
3309,00;100,88
3308,00;100,89
3307,00;100,89
3306,00;100,89
3305,00;100,89
3304,00;100,89
3303,00;100,88
3302,00;100,88
3301,00;100,88
3300,00;100,88
3299,00;100,88
3298,00;100,88
3297,00;100,88
3296,00;100,89
3295,00;100,89
3294,00;100,89
3293,00;100,89
3292,00;100,88
3291,00;100,88
3290,00;100,88
3289,00;100,88
3288,00;100,88
3287,00;100,88
3286,00;100,88
3285,00;100,88
3284,00;100,88
3283,00;100,88
3282,00;100,88
3281,00;100,88
3280,00;100,88
3279,00;100,88
3278,00;100,88
3277,00;100,88
3276,00;100,88
3275,00;100,88
3274,00;100,88
3273,00;100,88
3272,00;100,88
3271,00;100,88
3270,00;100,88
3269,00;100,88
3268,00;100,88
3267,00;100,88
3266,00;100,88
3265,00;100,88
3264,00;100,88
3263,00;100,89
3262,00;100,88
3261,00;100,88
3260,00;100,88
3259,00;100,88
3258,00;100,88
3257,00;100,88
3256,00;100,88
3255,00;100,88
3254,00;100,88
3253,00;100,88
3252,00;100,88
3251,00;100,88
3250,00;100,88
3249,00;100,88
3248,00;100,88
3247,00;100,88
3246,00;100,88
3245,00;100,88
3244,00;100,88
3243,00;100,88
3242,00;100,88
3241,00;100,88
3240,00;100,88
3239,00;100,87
3238,00;100,87
3237,00;100,87
3236,00;100,87
3235,00;100,87
3234,00;100,88
3233,00;100,88
3232,00;100,87
3231,00;100,87
3230,00;100,87
3229,00;100,87
3228,00;100,87
3227,00;100,87
3226,00;100,87
3225,00;100,87
3224,00;100,87
3223,00;100,87
3222,00;100,87
3221,00;100,87
3220,00;100,87
3219,00;100,87
3218,00;100,87
3217,00;100,87
3216,00;100,86
3215,00;100,86
3214,00;100,86
3213,00;100,86
3212,00;100,86
3211,00;100,86
3210,00;100,86
3209,00;100,86
3208,00;100,86
3207,00;100,86
3206,00;100,86
3205,00;100,86
3204,00;100,86
3203,00;100,86
3202,00;100,86
3201,00;100,86
3200,00;100,86
3199,00;100,85
3198,00;100,85
3197,00;100,85
3196,00;100,85
3195,00;100,85
3194,00;100,85
3193,00;100,85
3192,00;100,85
3191,00;100,85
3190,00;100,85
3189,00;100,85
3188,00;100,85
3187,00;100,85
3186,00;100,85
3185,00;100,85
3184,00;100,85
3183,00;100,85
3182,00;100,85
3181,00;100,85
3180,00;100,85
3179,00;100,85
3178,00;100,85
3177,00;100,85
3176,00;100,85
3175,00;100,85
3174,00;100,85
3173,00;100,85
3172,00;100,86
3171,00;100,86
3170,00;100,85
3169,00;100,85
3168,00;100,85
3167,00;100,85
3166,00;100,85
3165,00;100,86
3164,00;100,86
3163,00;100,86
3162,00;100,86
3161,00;100,86
3160,00;100,86
3159,00;100,86
3158,00;100,86
3157,00;100,86
3156,00;100,86
3155,00;100,86
3154,00;100,86
3153,00;100,86
3152,00;100,86
3151,00;100,86
3150,00;100,86
3149,00;100,86
3148,00;100,86
3147,00;100,86
3146,00;100,86
3145,00;100,86
3144,00;100,86
3143,00;100,86
3142,00;100,86
3141,00;100,86
3140,00;100,86
3139,00;100,86
3138,00;100,86
3137,00;100,86
3136,00;100,86
3135,00;100,86
3134,00;100,86
3133,00;100,86
3132,00;100,86
3131,00;100,86
3130,00;100,86
3129,00;100,86
3128,00;100,86
3127,00;100,86
3126,00;100,86
3125,00;100,86
3124,00;100,86
3123,00;100,86
3122,00;100,86
3121,00;100,86
3120,00;100,86
3119,00;100,86
3118,00;100,86
3117,00;100,86
3116,00;100,85
3115,00;100,85
3114,00;100,85
3113,00;100,85
3112,00;100,85
3111,00;100,84
3110,00;100,84
3109,00;100,84
3108,00;100,84
3107,00;100,84
3106,00;100,84
3105,00;100,84
3104,00;100,84
3103,00;100,83
3102,00;100,83
3101,00;100,83
3100,00;100,83
3099,00;100,83
3098,00;100,83
3097,00;100,83
3096,00;100,83
3095,00;100,82
3094,00;100,82
3093,00;100,82
3092,00;100,82
3091,00;100,82
3090,00;100,82
3089,00;100,83
3088,00;100,83
3087,00;100,83
3086,00;100,83
3085,00;100,82
3084,00;100,82
3083,00;100,82
3082,00;100,82
3081,00;100,83
3080,00;100,83
3079,00;100,83
3078,00;100,83
3077,00;100,82
3076,00;100,82
3075,00;100,82
3074,00;100,82
3073,00;100,82
3072,00;100,82
3071,00;100,82
3070,00;100,82
3069,00;100,82
3068,00;100,82
3067,00;100,82
3066,00;100,82
3065,00;100,82
3064,00;100,82
3063,00;100,82
3062,00;100,82
3061,00;100,82
3060,00;100,82
3059,00;100,82
3058,00;100,82
3057,00;100,81
3056,00;100,81
3055,00;100,81
3054,00;100,81
3053,00;100,81
3052,00;100,80
3051,00;100,80
3050,00;100,80
3049,00;100,80
3048,00;100,80
3047,00;100,80
3046,00;100,80
3045,00;100,79
3044,00;100,79
3043,00;100,79
3042,00;100,78
3041,00;100,78
3040,00;100,78
3039,00;100,77
3038,00;100,77
3037,00;100,77
3036,00;100,76
3035,00;100,76
3034,00;100,75
3033,00;100,75
3032,00;100,74
3031,00;100,74
3030,00;100,73
3029,00;100,72
3028,00;100,71
3027,00;100,70
3026,00;100,69
3025,00;100,67
3024,00;100,65
3023,00;100,63
3022,00;100,61
3021,00;100,59
3020,00;100,56
3019,00;100,52
3018,00;100,49
3017,00;100,44
3016,00;100,40
3015,00;100,35
3014,00;100,29
3013,00;100,24
3012,00;100,19
3011,00;100,15
3010,00;100,11
3009,00;100,08
3008,00;100,05
3007,00;100,02
3006,00;99,98
3005,00;99,94
3004,00;99,89
3003,00;99,82
3002,00;99,75
3001,00;99,68
3000,00;99,61
2999,00;99,55
2998,00;99,50
2997,00;99,48
2996,00;99,46
2995,00;99,46
2994,00;99,45
2993,00;99,45
2992,00;99,44
2991,00;99,43
2990,00;99,42
2989,00;99,40
2988,00;99,38
2987,00;99,35
2986,00;99,32
2985,00;99,28
2984,00;99,23
2983,00;99,17
2982,00;99,10
2981,00;99,02
2980,00;98,94
2979,00;98,86
2978,00;98,79
2977,00;98,75
2976,00;98,74
2975,00;98,76
2974,00;98,80
2973,00;98,86
2972,00;98,93
2971,00;99,00
2970,00;99,07
2969,00;99,14
2968,00;99,22
2967,00;99,31
2966,00;99,40
2965,00;99,49
2964,00;99,57
2963,00;99,65
2962,00;99,72
2961,00;99,78
2960,00;99,83
2959,00;99,86
2958,00;99,90
2957,00;99,92
2956,00;99,94
2955,00;99,95
2954,00;99,96
2953,00;99,96
2952,00;99,95
2951,00;99,94
2950,00;99,92
2949,00;99,89
2948,00;99,86
2947,00;99,82
2946,00;99,77
2945,00;99,71
2944,00;99,65
2943,00;99,57
2942,00;99,49
2941,00;99,40
2940,00;99,30
2939,00;99,19
2938,00;99,08
2937,00;98,98
2936,00;98,90
2935,00;98,84
2934,00;98,82
2933,00;98,83
2932,00;98,87
2931,00;98,92
2930,00;99,00
2929,00;99,09
2928,00;99,18
2927,00;99,29
2926,00;99,39
2925,00;99,48
2924,00;99,56
2923,00;99,63
2922,00;99,69
2921,00;99,75
2920,00;99,80
2919,00;99,85
2918,00;99,91
2917,00;99,97
2916,00;100,02
2915,00;100,07
2914,00;100,11
2913,00;100,13
2912,00;100,15
2911,00;100,16
2910,00;100,18
2909,00;100,19
2908,00;100,19
2907,00;100,20
2906,00;100,21
2905,00;100,22
2904,00;100,22
2903,00;100,23
2902,00;100,24
2901,00;100,24
2900,00;100,25
2899,00;100,26
2898,00;100,27
2897,00;100,28
2896,00;100,29
2895,00;100,29
2894,00;100,30
2893,00;100,30
2892,00;100,30
2891,00;100,29
2890,00;100,29
2889,00;100,28
2888,00;100,27
2887,00;100,26
2886,00;100,25
2885,00;100,24
2884,00;100,22
2883,00;100,21
2882,00;100,20
2881,00;100,19
2880,00;100,19
2879,00;100,18
2878,00;100,17
2877,00;100,17
2876,00;100,16
2875,00;100,16
2874,00;100,17
2873,00;100,19
2872,00;100,21
2871,00;100,24
2870,00;100,27
2869,00;100,30
2868,00;100,34
2867,00;100,37
2866,00;100,39
2865,00;100,41
2864,00;100,43
2863,00;100,45
2862,00;100,46
2861,00;100,47
2860,00;100,47
2859,00;100,48
2858,00;100,48
2857,00;100,47
2856,00;100,47
2855,00;100,47
2854,00;100,47
2853,00;100,47
2852,00;100,47
2851,00;100,49
2850,00;100,51
2849,00;100,53
2848,00;100,56
2847,00;100,58
2846,00;100,60
2845,00;100,61
2844,00;100,62
2843,00;100,63
2842,00;100,64
2841,00;100,65
2840,00;100,66
2839,00;100,66
2838,00;100,67
2837,00;100,67
2836,00;100,67
2835,00;100,67
2834,00;100,67
2833,00;100,67
2832,00;100,68
2831,00;100,68
2830,00;100,68
2829,00;100,68
2828,00;100,69
2827,00;100,69
2826,00;100,70
2825,00;100,70
2824,00;100,70
2823,00;100,71
2822,00;100,71
2821,00;100,71
2820,00;100,71
2819,00;100,72
2818,00;100,72
2817,00;100,72
2816,00;100,72
2815,00;100,72
2814,00;100,72
2813,00;100,73
2812,00;100,73
2811,00;100,73
2810,00;100,73
2809,00;100,74
2808,00;100,74
2807,00;100,74
2806,00;100,75
2805,00;100,75
2804,00;100,75
2803,00;100,75
2802,00;100,76
2801,00;100,76
2800,00;100,76
2799,00;100,76
2798,00;100,76
2797,00;100,77
2796,00;100,77
2795,00;100,77
2794,00;100,77
2793,00;100,77
2792,00;100,77
2791,00;100,77
2790,00;100,77
2789,00;100,77
2788,00;100,78
2787,00;100,78
2786,00;100,78
2785,00;100,79
2784,00;100,79
2783,00;100,79
2782,00;100,79
2781,00;100,79
2780,00;100,79
2779,00;100,79
2778,00;100,79
2777,00;100,79
2776,00;100,79
2775,00;100,79
2774,00;100,79
2773,00;100,79
2772,00;100,79
2771,00;100,79
2770,00;100,79
2769,00;100,79
2768,00;100,79
2767,00;100,79
2766,00;100,79
2765,00;100,78
2764,00;100,78
2763,00;100,77
2762,00;100,76
2761,00;100,76
2760,00;100,76
2759,00;100,75
2758,00;100,75
2757,00;100,75
2756,00;100,75
2755,00;100,75
2754,00;100,75
2753,00;100,75
2752,00;100,75
2751,00;100,75
2750,00;100,75
2749,00;100,75
2748,00;100,75
2747,00;100,75
2746,00;100,75
2745,00;100,75
2744,00;100,75
2743,00;100,75
2742,00;100,75
2741,00;100,76
2740,00;100,76
2739,00;100,76
2738,00;100,76
2737,00;100,76
2736,00;100,76
2735,00;100,76
2734,00;100,76
2733,00;100,76
2732,00;100,76
2731,00;100,76
2730,00;100,76
2729,00;100,76
2728,00;100,77
2727,00;100,77
2726,00;100,77
2725,00;100,77
2724,00;100,77
2723,00;100,77
2722,00;100,77
2721,00;100,77
2720,00;100,77
2719,00;100,77
2718,00;100,77
2717,00;100,77
2716,00;100,77
2715,00;100,77
2714,00;100,77
2713,00;100,77
2712,00;100,78
2711,00;100,78
2710,00;100,78
2709,00;100,78
2708,00;100,78
2707,00;100,78
2706,00;100,78
2705,00;100,78
2704,00;100,78
2703,00;100,79
2702,00;100,79
2701,00;100,79
2700,00;100,79
2699,00;100,78
2698,00;100,78
2697,00;100,78
2696,00;100,78
2695,00;100,78
2694,00;100,78
2693,00;100,78
2692,00;100,78
2691,00;100,78
2690,00;100,78
2689,00;100,78
2688,00;100,78
2687,00;100,79
2686,00;100,79
2685,00;100,79
2684,00;100,79
2683,00;100,79
2682,00;100,80
2681,00;100,80
2680,00;100,80
2679,00;100,80
2678,00;100,80
2677,00;100,80
2676,00;100,81
2675,00;100,81
2674,00;100,81
2673,00;100,81
2672,00;100,81
2671,00;100,81
2670,00;100,81
2669,00;100,80
2668,00;100,80
2667,00;100,80
2666,00;100,80
2665,00;100,80
2664,00;100,80
2663,00;100,80
2662,00;100,79
2661,00;100,79
2660,00;100,79
2659,00;100,79
2658,00;100,79
2657,00;100,79
2656,00;100,79
2655,00;100,79
2654,00;100,79
2653,00;100,79
2652,00;100,79
2651,00;100,80
2650,00;100,80
2649,00;100,80
2648,00;100,80
2647,00;100,80
2646,00;100,80
2645,00;100,80
2644,00;100,80
2643,00;100,80
2642,00;100,80
2641,00;100,80
2640,00;100,80
2639,00;100,80
2638,00;100,80
2637,00;100,80
2636,00;100,80
2635,00;100,79
2634,00;100,79
2633,00;100,79
2632,00;100,79
2631,00;100,79
2630,00;100,79
2629,00;100,79
2628,00;100,79
2627,00;100,79
2626,00;100,79
2625,00;100,79
2624,00;100,79
2623,00;100,79
2622,00;100,79
2621,00;100,80
2620,00;100,80
2619,00;100,80
2618,00;100,80
2617,00;100,80
2616,00;100,80
2615,00;100,80
2614,00;100,80
2613,00;100,80
2612,00;100,80
2611,00;100,80
2610,00;100,80
2609,00;100,80
2608,00;100,80
2607,00;100,81
2606,00;100,81
2605,00;100,81
2604,00;100,81
2603,00;100,81
2602,00;100,80
2601,00;100,80
2600,00;100,80
2599,00;100,80
2598,00;100,80
2597,00;100,80
2596,00;100,80
2595,00;100,80
2594,00;100,80
2593,00;100,79
2592,00;100,79
2591,00;100,79
2590,00;100,79
2589,00;100,78
2588,00;100,78
2587,00;100,78
2586,00;100,78
2585,00;100,78
2584,00;100,77
2583,00;100,77
2582,00;100,77
2581,00;100,77
2580,00;100,76
2579,00;100,76
2578,00;100,76
2577,00;100,76
2576,00;100,76
2575,00;100,76
2574,00;100,76
2573,00;100,76
2572,00;100,75
2571,00;100,75
2570,00;100,75
2569,00;100,74
2568,00;100,73
2567,00;100,73
2566,00;100,73
2565,00;100,72
2564,00;100,72
2563,00;100,71
2562,00;100,71
2561,00;100,70
2560,00;100,70
2559,00;100,70
2558,00;100,69
2557,00;100,69
2556,00;100,69
2555,00;100,69
2554,00;100,69
2553,00;100,69
2552,00;100,69
2551,00;100,70
2550,00;100,70
2549,00;100,70
2548,00;100,71
2547,00;100,71
2546,00;100,71
2545,00;100,71
2544,00;100,71
2543,00;100,71
2542,00;100,72
2541,00;100,72
2540,00;100,72
2539,00;100,72
2538,00;100,72
2537,00;100,72
2536,00;100,71
2535,00;100,71
2534,00;100,71
2533,00;100,71
2532,00;100,71
2531,00;100,71
2530,00;100,71
2529,00;100,70
2528,00;100,70
2527,00;100,70
2526,00;100,70
2525,00;100,70
2524,00;100,70
2523,00;100,70
2522,00;100,70
2521,00;100,70
2520,00;100,70
2519,00;100,70
2518,00;100,71
2517,00;100,71
2516,00;100,71
2515,00;100,71
2514,00;100,71
2513,00;100,71
2512,00;100,71
2511,00;100,71
2510,00;100,71
2509,00;100,72
2508,00;100,72
2507,00;100,72
2506,00;100,72
2505,00;100,72
2504,00;100,72
2503,00;100,72
2502,00;100,72
2501,00;100,73
2500,00;100,73
2499,00;100,73
2498,00;100,73
2497,00;100,73
2496,00;100,73
2495,00;100,73
2494,00;100,73
2493,00;100,73
2492,00;100,73
2491,00;100,73
2490,00;100,74
2489,00;100,74
2488,00;100,74
2487,00;100,74
2486,00;100,74
2485,00;100,74
2484,00;100,74
2483,00;100,74
2482,00;100,74
2481,00;100,74
2480,00;100,74
2479,00;100,74
2478,00;100,74
2477,00;100,74
2476,00;100,74
2475,00;100,74
2474,00;100,74
2473,00;100,74
2472,00;100,74
2471,00;100,74
2470,00;100,74
2469,00;100,74
2468,00;100,74
2467,00;100,74
2466,00;100,74
2465,00;100,74
2464,00;100,74
2463,00;100,74
2462,00;100,74
2461,00;100,74
2460,00;100,74
2459,00;100,74
2458,00;100,73
2457,00;100,73
2456,00;100,73
2455,00;100,73
2454,00;100,73
2453,00;100,73
2452,00;100,73
2451,00;100,72
2450,00;100,72
2449,00;100,72
2448,00;100,72
2447,00;100,72
2446,00;100,72
2445,00;100,72
2444,00;100,72
2443,00;100,72
2442,00;100,72
2441,00;100,72
2440,00;100,72
2439,00;100,72
2438,00;100,72
2437,00;100,71
2436,00;100,71
2435,00;100,71
2434,00;100,71
2433,00;100,71
2432,00;100,71
2431,00;100,71
2430,00;100,71
2429,00;100,71
2428,00;100,71
2427,00;100,71
2426,00;100,71
2425,00;100,71
2424,00;100,71
2423,00;100,71
2422,00;100,72
2421,00;100,72
2420,00;100,72
2419,00;100,72
2418,00;100,72
2417,00;100,72
2416,00;100,72
2415,00;100,72
2414,00;100,72
2413,00;100,72
2412,00;100,72
2411,00;100,72
2410,00;100,71
2409,00;100,71
2408,00;100,71
2407,00;100,71
2406,00;100,71
2405,00;100,71
2404,00;100,71
2403,00;100,71
2402,00;100,71
2401,00;100,71
2400,00;100,71
2399,00;100,71
2398,00;100,71
2397,00;100,71
2396,00;100,71
2395,00;100,71
2394,00;100,71
2393,00;100,71
2392,00;100,71
2391,00;100,71
2390,00;100,71
2389,00;100,71
2388,00;100,71
2387,00;100,71
2386,00;100,71
2385,00;100,71
2384,00;100,71
2383,00;100,71
2382,00;100,71
2381,00;100,71
2380,00;100,71
2379,00;100,72
2378,00;100,72
2377,00;100,72
2376,00;100,72
2375,00;100,72
2374,00;100,72
2373,00;100,72
2372,00;100,72
2371,00;100,72
2370,00;100,72
2369,00;100,72
2368,00;100,72
2367,00;100,72
2366,00;100,72
2365,00;100,72
2364,00;100,72
2363,00;100,72
2362,00;100,72
2361,00;100,72
2360,00;100,72
2359,00;100,72
2358,00;100,72
2357,00;100,72
2356,00;100,73
2355,00;100,73
2354,00;100,72
2353,00;100,72
2352,00;100,72
2351,00;100,72
2350,00;100,72
2349,00;100,72
2348,00;100,72
2347,00;100,73
2346,00;100,73
2345,00;100,73
2344,00;100,73
2343,00;100,72
2342,00;100,72
2341,00;100,72
2340,00;100,72
2339,00;100,73
2338,00;100,73
2337,00;100,73
2336,00;100,73
2335,00;100,73
2334,00;100,73
2333,00;100,73
2332,00;100,73
2331,00;100,72
2330,00;100,72
2329,00;100,72
2328,00;100,72
2327,00;100,72
2326,00;100,72
2325,00;100,73
2324,00;100,73
2323,00;100,73
2322,00;100,73
2321,00;100,72
2320,00;100,72
2319,00;100,72
2318,00;100,72
2317,00;100,72
2316,00;100,72
2315,00;100,72
2314,00;100,72
2313,00;100,71
2312,00;100,71
2311,00;100,71
2310,00;100,71
2309,00;100,71
2308,00;100,71
2307,00;100,71
2306,00;100,71
2305,00;100,71
2304,00;100,71
2303,00;100,71
2302,00;100,71
2301,00;100,71
2300,00;100,71
2299,00;100,71
2298,00;100,71
2297,00;100,71
2296,00;100,71
2295,00;100,71
2294,00;100,71
2293,00;100,71
2292,00;100,70
2291,00;100,70
2290,00;100,70
2289,00;100,70
2288,00;100,70
2287,00;100,69
2286,00;100,69
2285,00;100,69
2284,00;100,69
2283,00;100,68
2282,00;100,68
2281,00;100,68
2280,00;100,68
2279,00;100,68
2278,00;100,68
2277,00;100,68
2276,00;100,68
2275,00;100,68
2274,00;100,68
2273,00;100,68
2272,00;100,68
2271,00;100,68
2270,00;100,68
2269,00;100,68
2268,00;100,68
2267,00;100,68
2266,00;100,68
2265,00;100,68
2264,00;100,68
2263,00;100,68
2262,00;100,68
2261,00;100,68
2260,00;100,68
2259,00;100,68
2258,00;100,68
2257,00;100,68
2256,00;100,68
2255,00;100,68
2254,00;100,68
2253,00;100,68
2252,00;100,68
2251,00;100,68
2250,00;100,68
2249,00;100,68
2248,00;100,67
2247,00;100,67
2246,00;100,67
2245,00;100,67
2244,00;100,67
2243,00;100,66
2242,00;100,66
2241,00;100,66
2240,00;100,66
2239,00;100,65
2238,00;100,65
2237,00;100,65
2236,00;100,65
2235,00;100,65
2234,00;100,64
2233,00;100,64
2232,00;100,64
2231,00;100,64
2230,00;100,64
2229,00;100,64
2228,00;100,64
2227,00;100,65
2226,00;100,65
2225,00;100,65
2224,00;100,65
2223,00;100,66
2222,00;100,66
2221,00;100,66
2220,00;100,66
2219,00;100,66
2218,00;100,66
2217,00;100,66
2216,00;100,66
2215,00;100,67
2214,00;100,67
2213,00;100,67
2212,00;100,67
2211,00;100,67
2210,00;100,67
2209,00;100,67
2208,00;100,67
2207,00;100,66
2206,00;100,66
2205,00;100,66
2204,00;100,66
2203,00;100,66
2202,00;100,66
2201,00;100,65
2200,00;100,65
2199,00;100,65
2198,00;100,65
2197,00;100,65
2196,00;100,65
2195,00;100,65
2194,00;100,64
2193,00;100,64
2192,00;100,64
2191,00;100,64
2190,00;100,64
2189,00;100,64
2188,00;100,64
2187,00;100,64
2186,00;100,64
2185,00;100,64
2184,00;100,65
2183,00;100,65
2182,00;100,65
2181,00;100,65
2180,00;100,65
2179,00;100,66
2178,00;100,66
2177,00;100,66
2176,00;100,66
2175,00;100,66
2174,00;100,67
2173,00;100,67
2172,00;100,67
2171,00;100,67
2170,00;100,67
2169,00;100,67
2168,00;100,67
2167,00;100,67
2166,00;100,67
2165,00;100,67
2164,00;100,67
2163,00;100,67
2162,00;100,67
2161,00;100,67
2160,00;100,67
2159,00;100,66
2158,00;100,66
2157,00;100,66
2156,00;100,66
2155,00;100,66
2154,00;100,66
2153,00;100,66
2152,00;100,66
2151,00;100,66
2150,00;100,66
2149,00;100,66
2148,00;100,66
2147,00;100,67
2146,00;100,67
2145,00;100,67
2144,00;100,67
2143,00;100,66
2142,00;100,66
2141,00;100,66
2140,00;100,66
2139,00;100,66
2138,00;100,66
2137,00;100,66
2136,00;100,65
2135,00;100,65
2134,00;100,65
2133,00;100,64
2132,00;100,64
2131,00;100,64
2130,00;100,64
2129,00;100,64
2128,00;100,63
2127,00;100,63
2126,00;100,63
2125,00;100,63
2124,00;100,63
2123,00;100,63
2122,00;100,63
2121,00;100,63
2120,00;100,63
2119,00;100,63
2118,00;100,63
2117,00;100,63
2116,00;100,63
2115,00;100,63
2114,00;100,63
2113,00;100,63
2112,00;100,63
2111,00;100,63
2110,00;100,63
2109,00;100,62
2108,00;100,62
2107,00;100,62
2106,00;100,61
2105,00;100,61
2104,00;100,61
2103,00;100,61
2102,00;100,60
2101,00;100,60
2100,00;100,60
2099,00;100,60
2098,00;100,60
2097,00;100,59
2096,00;100,59
2095,00;100,60
2094,00;100,60
2093,00;100,60
2092,00;100,60
2091,00;100,60
2090,00;100,60
2089,00;100,60
2088,00;100,60
2087,00;100,60
2086,00;100,61
2085,00;100,61
2084,00;100,61
2083,00;100,62
2082,00;100,62
2081,00;100,62
2080,00;100,63
2079,00;100,63
2078,00;100,63
2077,00;100,63
2076,00;100,63
2075,00;100,63
2074,00;100,63
2073,00;100,63
2072,00;100,62
2071,00;100,62
2070,00;100,62
2069,00;100,62
2068,00;100,61
2067,00;100,61
2066,00;100,61
2065,00;100,61
2064,00;100,60
2063,00;100,60
2062,00;100,60
2061,00;100,60
2060,00;100,59
2059,00;100,59
2058,00;100,59
2057,00;100,59
2056,00;100,59
2055,00;100,59
2054,00;100,59
2053,00;100,59
2052,00;100,59
2051,00;100,59
2050,00;100,59
2049,00;100,59
2048,00;100,59
2047,00;100,59
2046,00;100,59
2045,00;100,59
2044,00;100,59
2043,00;100,59
2042,00;100,59
2041,00;100,60
2040,00;100,60
2039,00;100,60
2038,00;100,60
2037,00;100,60
2036,00;100,60
2035,00;100,60
2034,00;100,60
2033,00;100,60
2032,00;100,60
2031,00;100,60
2030,00;100,60
2029,00;100,60
2028,00;100,60
2027,00;100,60
2026,00;100,59
2025,00;100,59
2024,00;100,59
2023,00;100,59
2022,00;100,60
2021,00;100,60
2020,00;100,60
2019,00;100,60
2018,00;100,60
2017,00;100,60
2016,00;100,60
2015,00;100,60
2014,00;100,60
2013,00;100,60
2012,00;100,60
2011,00;100,60
2010,00;100,60
2009,00;100,61
2008,00;100,61
2007,00;100,61
2006,00;100,61
2005,00;100,61
2004,00;100,61
2003,00;100,61
2002,00;100,61
2001,00;100,61
2000,00;100,61
1999,00;100,61
1998,00;100,61
1997,00;100,61
1996,00;100,60
1995,00;100,60
1994,00;100,60
1993,00;100,60
1992,00;100,60
1991,00;100,60
1990,00;100,60
1989,00;100,60
1988,00;100,60
1987,00;100,60
1986,00;100,60
1985,00;100,59
1984,00;100,59
1983,00;100,59
1982,00;100,58
1981,00;100,58
1980,00;100,57
1979,00;100,57
1978,00;100,57
1977,00;100,56
1976,00;100,56
1975,00;100,56
1974,00;100,55
1973,00;100,55
1972,00;100,55
1971,00;100,55
1970,00;100,55
1969,00;100,55
1968,00;100,55
1967,00;100,55
1966,00;100,55
1965,00;100,55
1964,00;100,55
1963,00;100,55
1962,00;100,55
1961,00;100,55
1960,00;100,55
1959,00;100,55
1958,00;100,55
1957,00;100,54
1956,00;100,54
1955,00;100,54
1954,00;100,54
1953,00;100,54
1952,00;100,53
1951,00;100,53
1950,00;100,52
1949,00;100,52
1948,00;100,51
1947,00;100,51
1946,00;100,50
1945,00;100,49
1944,00;100,49
1943,00;100,48
1942,00;100,47
1941,00;100,46
1940,00;100,45
1939,00;100,44
1938,00;100,43
1937,00;100,42
1936,00;100,42
1935,00;100,42
1934,00;100,42
1933,00;100,42
1932,00;100,42
1931,00;100,42
1930,00;100,43
1929,00;100,43
1928,00;100,44
1927,00;100,44
1926,00;100,45
1925,00;100,45
1924,00;100,46
1923,00;100,46
1922,00;100,46
1921,00;100,46
1920,00;100,46
1919,00;100,46
1918,00;100,46
1917,00;100,46
1916,00;100,46
1915,00;100,46
1914,00;100,46
1913,00;100,46
1912,00;100,46
1911,00;100,46
1910,00;100,46
1909,00;100,46
1908,00;100,46
1907,00;100,46
1906,00;100,46
1905,00;100,46
1904,00;100,46
1903,00;100,46
1902,00;100,46
1901,00;100,46
1900,00;100,45
1899,00;100,45
1898,00;100,45
1897,00;100,44
1896,00;100,44
1895,00;100,44
1894,00;100,44
1893,00;100,43
1892,00;100,43
1891,00;100,43
1890,00;100,43
1889,00;100,42
1888,00;100,42
1887,00;100,42
1886,00;100,41
1885,00;100,41
1884,00;100,41
1883,00;100,41
1882,00;100,41
1881,00;100,41
1880,00;100,41
1879,00;100,41
1878,00;100,41
1877,00;100,42
1876,00;100,42
1875,00;100,42
1874,00;100,42
1873,00;100,42
1872,00;100,42
1871,00;100,43
1870,00;100,43
1869,00;100,43
1868,00;100,43
1867,00;100,43
1866,00;100,43
1865,00;100,43
1864,00;100,43
1863,00;100,43
1862,00;100,43
1861,00;100,42
1860,00;100,42
1859,00;100,42
1858,00;100,42
1857,00;100,41
1856,00;100,41
1855,00;100,41
1854,00;100,40
1853,00;100,40
1852,00;100,39
1851,00;100,39
1850,00;100,39
1849,00;100,38
1848,00;100,38
1847,00;100,38
1846,00;100,37
1845,00;100,37
1844,00;100,36
1843,00;100,36
1842,00;100,35
1841,00;100,35
1840,00;100,34
1839,00;100,34
1838,00;100,33
1837,00;100,32
1836,00;100,31
1835,00;100,30
1834,00;100,30
1833,00;100,29
1832,00;100,29
1831,00;100,28
1830,00;100,27
1829,00;100,27
1828,00;100,26
1827,00;100,26
1826,00;100,25
1825,00;100,24
1824,00;100,23
1823,00;100,22
1822,00;100,21
1821,00;100,20
1820,00;100,18
1819,00;100,16
1818,00;100,15
1817,00;100,13
1816,00;100,12
1815,00;100,10
1814,00;100,09
1813,00;100,07
1812,00;100,06
1811,00;100,04
1810,00;100,03
1809,00;100,01
1808,00;100,00
1807,00;99,99
1806,00;99,98
1805,00;99,98
1804,00;99,98
1803,00;99,98
1802,00;99,98
1801,00;99,99
1800,00;99,99
1799,00;100,00
1798,00;100,00
1797,00;100,00
1796,00;100,01
1795,00;100,01
1794,00;100,01
1793,00;100,01
1792,00;100,01
1791,00;100,01
1790,00;100,01
1789,00;100,01
1788,00;100,00
1787,00;100,00
1786,00;99,99
1785,00;99,98
1784,00;99,97
1783,00;99,96
1782,00;99,95
1781,00;99,94
1780,00;99,93
1779,00;99,92
1778,00;99,91
1777,00;99,89
1776,00;99,88
1775,00;99,86
1774,00;99,84
1773,00;99,82
1772,00;99,79
1771,00;99,76
1770,00;99,72
1769,00;99,67
1768,00;99,62
1767,00;99,56
1766,00;99,48
1765,00;99,40
1764,00;99,30
1763,00;99,17
1762,00;99,00
1761,00;98,79
1760,00;98,55
1759,00;98,26
1758,00;97,91
1757,00;97,47
1756,00;96,97
1755,00;96,42
1754,00;95,84
1753,00;95,20
1752,00;94,50
1751,00;93,76
1750,00;93,02
1749,00;92,32
1748,00;91,66
1747,00;91,06
1746,00;90,50
1745,00;89,99
1744,00;89,52
1743,00;89,08
1742,00;88,65
1741,00;88,24
1740,00;87,82
1739,00;87,40
1738,00;87,00
1737,00;86,64
1736,00;86,26
1735,00;85,77
1734,00;85,13
1733,00;84,41
1732,00;83,69
1731,00;82,93
1730,00;82,08
1729,00;81,13
1728,00;80,07
1727,00;78,90
1726,00;77,61
1725,00;76,22
1724,00;74,79
1723,00;73,43
1722,00;72,28
1721,00;71,52
1720,00;71,27
1719,00;71,56
1718,00;72,40
1717,00;73,77
1716,00;75,50
1715,00;77,44
1714,00;79,46
1713,00;81,45
1712,00;83,35
1711,00;85,10
1710,00;86,67
1709,00;88,07
1708,00;89,29
1707,00;90,36
1706,00;91,29
1705,00;92,08
1704,00;92,74
1703,00;93,28
1702,00;93,76
1701,00;94,16
1700,00;94,49
1699,00;94,75
1698,00;95,00
1697,00;95,26
1696,00;95,52
1695,00;95,77
1694,00;95,97
1693,00;96,11
1692,00;96,18
1691,00;96,18
1690,00;96,09
1689,00;95,94
1688,00;95,81
1687,00;95,79
1686,00;95,92
1685,00;96,22
1684,00;96,60
1683,00;96,95
1682,00;97,23
1681,00;97,45
1680,00;97,62
1679,00;97,76
1678,00;97,88
1677,00;97,98
1676,00;98,06
1675,00;98,13
1674,00;98,20
1673,00;98,25
1672,00;98,30
1671,00;98,35
1670,00;98,39
1669,00;98,43
1668,00;98,47
1667,00;98,51
1666,00;98,55
1665,00;98,59
1664,00;98,62
1663,00;98,66
1662,00;98,70
1661,00;98,74
1660,00;98,77
1659,00;98,81
1658,00;98,84
1657,00;98,87
1656,00;98,90
1655,00;98,93
1654,00;98,96
1653,00;98,98
1652,00;99,01
1651,00;99,03
1650,00;99,05
1649,00;99,07
1648,00;99,10
1647,00;99,13
1646,00;99,15
1645,00;99,18
1644,00;99,21
1643,00;99,23
1642,00;99,25
1641,00;99,28
1640,00;99,30
1639,00;99,32
1638,00;99,34
1637,00;99,36
1636,00;99,39
1635,00;99,41
1634,00;99,43
1633,00;99,45
1632,00;99,46
1631,00;99,48
1630,00;99,49
1629,00;99,50
1628,00;99,51
1627,00;99,52
1626,00;99,53
1625,00;99,55
1624,00;99,56
1623,00;99,57
1622,00;99,58
1621,00;99,59
1620,00;99,60
1619,00;99,61
1618,00;99,62
1617,00;99,64
1616,00;99,64
1615,00;99,65
1614,00;99,66
1613,00;99,67
1612,00;99,68
1611,00;99,68
1610,00;99,69
1609,00;99,70
1608,00;99,70
1607,00;99,71
1606,00;99,72
1605,00;99,72
1604,00;99,73
1603,00;99,73
1602,00;99,74
1601,00;99,75
1600,00;99,75
1599,00;99,76
1598,00;99,76
1597,00;99,77
1596,00;99,77
1595,00;99,78
1594,00;99,78
1593,00;99,79
1592,00;99,79
1591,00;99,80
1590,00;99,80
1589,00;99,81
1588,00;99,81
1587,00;99,82
1586,00;99,82
1585,00;99,83
1584,00;99,84
1583,00;99,84
1582,00;99,85
1581,00;99,85
1580,00;99,86
1579,00;99,86
1578,00;99,87
1577,00;99,87
1576,00;99,88
1575,00;99,89
1574,00;99,89
1573,00;99,89
1572,00;99,89
1571,00;99,90
1570,00;99,90
1569,00;99,90
1568,00;99,91
1567,00;99,91
1566,00;99,91
1565,00;99,91
1564,00;99,92
1563,00;99,92
1562,00;99,92
1561,00;99,93
1560,00;99,93
1559,00;99,94
1558,00;99,94
1557,00;99,95
1556,00;99,95
1555,00;99,96
1554,00;99,96
1553,00;99,96
1552,00;99,96
1551,00;99,97
1550,00;99,97
1549,00;99,97
1548,00;99,97
1547,00;99,97
1546,00;99,97
1545,00;99,97
1544,00;99,97
1543,00;99,97
1542,00;99,97
1541,00;99,96
1540,00;99,96
1539,00;99,96
1538,00;99,96
1537,00;99,95
1536,00;99,95
1535,00;99,95
1534,00;99,94
1533,00;99,94
1532,00;99,94
1531,00;99,94
1530,00;99,94
1529,00;99,93
1528,00;99,93
1527,00;99,93
1526,00;99,93
1525,00;99,92
1524,00;99,92
1523,00;99,91
1522,00;99,91
1521,00;99,91
1520,00;99,90
1519,00;99,90
1518,00;99,89
1517,00;99,89
1516,00;99,89
1515,00;99,88
1514,00;99,89
1513,00;99,89
1512,00;99,89
1511,00;99,88
1510,00;99,88
1509,00;99,88
1508,00;99,88
1507,00;99,87
1506,00;99,87
1505,00;99,87
1504,00;99,87
1503,00;99,87
1502,00;99,86
1501,00;99,86
1500,00;99,86
1499,00;99,85
1498,00;99,85
1497,00;99,85
1496,00;99,85
1495,00;99,84
1494,00;99,84
1493,00;99,84
1492,00;99,83
1491,00;99,82
1490,00;99,81
1489,00;99,80
1488,00;99,79
1487,00;99,77
1486,00;99,76
1485,00;99,75
1484,00;99,73
1483,00;99,72
1482,00;99,70
1481,00;99,67
1480,00;99,64
1479,00;99,60
1478,00;99,56
1477,00;99,51
1476,00;99,45
1475,00;99,38
1474,00;99,29
1473,00;99,18
1472,00;99,05
1471,00;98,91
1470,00;98,77
1469,00;98,61
1468,00;98,44
1467,00;98,25
1466,00;98,04
1465,00;97,81
1464,00;97,55
1463,00;97,30
1462,00;97,06
1461,00;96,83
1460,00;96,64
1459,00;96,49
1458,00;96,39
1457,00;96,32
1456,00;96,27
1455,00;96,22
1454,00;96,17
1453,00;96,13
1452,00;96,15
1451,00;96,23
1450,00;96,38
1449,00;96,56
1448,00;96,74
1447,00;96,88
1446,00;96,97
1445,00;97,06
1444,00;97,15
1443,00;97,29
1442,00;97,47
1441,00;97,67
1440,00;97,87
1439,00;98,03
1438,00;98,17
1437,00;98,27
1436,00;98,34
1435,00;98,38
1434,00;98,41
1433,00;98,42
1432,00;98,42
1431,00;98,42
1430,00;98,40
1429,00;98,38
1428,00;98,36
1427,00;98,33
1426,00;98,31
1425,00;98,28
1424,00;98,25
1423,00;98,22
1422,00;98,19
1421,00;98,17
1420,00;98,14
1419,00;98,12
1418,00;98,10
1417,00;98,08
1416,00;98,06
1415,00;98,03
1414,00;98,00
1413,00;97,96
1412,00;97,90
1411,00;97,84
1410,00;97,75
1409,00;97,65
1408,00;97,51
1407,00;97,34
1406,00;97,14
1405,00;96,92
1404,00;96,75
1403,00;96,66
1402,00;96,68
1401,00;96,77
1400,00;96,87
1399,00;96,94
1398,00;96,95
1397,00;96,90
1396,00;96,81
1395,00;96,68
1394,00;96,53
1393,00;96,37
1392,00;96,19
1391,00;96,01
1390,00;95,80
1389,00;95,57
1388,00;95,28
1387,00;94,93
1386,00;94,47
1385,00;93,86
1384,00;93,05
1383,00;92,05
1382,00;90,96
1381,00;89,96
1380,00;89,31
1379,00;89,20
1378,00;89,66
1377,00;90,55
1376,00;91,61
1375,00;92,59
1374,00;93,34
1373,00;93,84
1372,00;94,17
1371,00;94,44
1370,00;94,69
1369,00;94,95
1368,00;95,18
1367,00;95,38
1366,00;95,53
1365,00;95,63
1364,00;95,65
1363,00;95,60
1362,00;95,46
1361,00;95,26
1360,00;95,04
1359,00;94,85
1358,00;94,75
1357,00;94,75
1356,00;94,85
1355,00;95,01
1354,00;95,19
1353,00;95,35
1352,00;95,47
1351,00;95,55
1350,00;95,59
1349,00;95,60
1348,00;95,63
1347,00;95,69
1346,00;95,82
1345,00;96,00
1344,00;96,23
1343,00;96,47
1342,00;96,70
1341,00;96,89
1340,00;97,06
1339,00;97,18
1338,00;97,28
1337,00;97,35
1336,00;97,39
1335,00;97,42
1334,00;97,42
1333,00;97,41
1332,00;97,37
1331,00;97,31
1330,00;97,24
1329,00;97,15
1328,00;97,04
1327,00;96,91
1326,00;96,77
1325,00;96,61
1324,00;96,43
1323,00;96,23
1322,00;96,02
1321,00;95,80
1320,00;95,56
1319,00;95,30
1318,00;95,04
1317,00;94,77
1316,00;94,49
1315,00;94,21
1314,00;93,93
1313,00;93,65
1312,00;93,38
1311,00;93,12
1310,00;92,87
1309,00;92,63
1308,00;92,39
1307,00;92,17
1306,00;91,94
1305,00;91,72
1304,00;91,49
1303,00;91,25
1302,00;90,97
1301,00;90,64
1300,00;90,24
1299,00;89,74
1298,00;89,14
1297,00;88,47
1296,00;87,73
1295,00;86,98
1294,00;86,23
1293,00;85,49
1292,00;84,78
1291,00;84,12
1290,00;83,57
1289,00;83,19
1288,00;82,96
1287,00;82,81
1286,00;82,59
1285,00;82,18
1284,00;81,53
1283,00;80,66
1282,00;79,69
1281,00;78,69
1280,00;77,77
1279,00;77,00
1278,00;76,43
1277,00;76,05
1276,00;75,86
1275,00;75,84
1274,00;75,96
1273,00;76,21
1272,00;76,56
1271,00;76,99
1270,00;77,46
1269,00;77,88
1268,00;78,19
1267,00;78,33
1266,00;78,26
1265,00;78,03
1264,00;77,73
1263,00;77,48
1262,00;77,38
1261,00;77,52
1260,00;77,89
1259,00;78,47
1258,00;79,22
1257,00;80,06
1256,00;80,95
1255,00;81,85
1254,00;82,75
1253,00;83,61
1252,00;84,45
1251,00;85,26
1250,00;86,03
1249,00;86,78
1248,00;87,49
1247,00;88,16
1246,00;88,78
1245,00;89,33
1244,00;89,80
1243,00;90,18
1242,00;90,46
1241,00;90,64
1240,00;90,68
1239,00;90,58
1238,00;90,32
1237,00;89,87
1236,00;89,24
1235,00;88,43
1234,00;87,48
1233,00;86,44
1232,00;85,37
1231,00;84,35
1230,00;83,48
1229,00;82,82
1228,00;82,43
1227,00;82,30
1226,00;82,36
1225,00;82,56
1224,00;82,82
1223,00;83,13
1222,00;83,50
1221,00;83,94
1220,00;84,45
1219,00;85,02
1218,00;85,61
1217,00;86,19
1216,00;86,73
1215,00;87,24
1214,00;87,70
1213,00;88,11
1212,00;88,47
1211,00;88,76
1210,00;88,98
1209,00;89,13
1208,00;89,21
1207,00;89,23
1206,00;89,20
1205,00;89,12
1204,00;88,99
1203,00;88,83
1202,00;88,64
1201,00;88,42
1200,00;88,19
1199,00;87,93
1198,00;87,67
1197,00;87,39
1196,00;87,10
1195,00;86,81
1194,00;86,52
1193,00;86,22
1192,00;85,91
1191,00;85,61
1190,00;85,31
1189,00;85,01
1188,00;84,72
1187,00;84,45
1186,00;84,20
1185,00;83,97
1184,00;83,77
1183,00;83,60
1182,00;83,49
1181,00;83,42
1180,00;83,42
1179,00;83,48
1178,00;83,61
1177,00;83,82
1176,00;84,09
1175,00;84,44
1174,00;84,85
1173,00;85,33
1172,00;85,86
1171,00;86,44
1170,00;87,06
1169,00;87,71
1168,00;88,38
1167,00;89,06
1166,00;89,73
1165,00;90,38
1164,00;90,99
1163,00;91,56
1162,00;92,08
1161,00;92,54
1160,00;92,94
1159,00;93,26
1158,00;93,51
1157,00;93,67
1156,00;93,76
1155,00;93,78
1154,00;93,72
1153,00;93,60
1152,00;93,43
1151,00;93,21
1150,00;92,96
1149,00;92,69
1148,00;92,41
1147,00;92,12
1146,00;91,83
1145,00;91,51
1144,00;91,15
1143,00;90,74
1142,00;90,23
1141,00;89,59
1140,00;88,79
1139,00;87,83
1138,00;86,70
1137,00;85,47
1136,00;84,22
1135,00;83,03
1134,00;82,02
1133,00;81,22
1132,00;80,68
1131,00;80,41
1130,00;80,40
1129,00;80,61
1128,00;81,01
1127,00;81,58
1126,00;82,28
1125,00;83,07
1124,00;83,94
1123,00;84,84
1122,00;85,75
1121,00;86,63
1120,00;87,45
1119,00;88,19
1118,00;88,85
1117,00;89,41
1116,00;89,88
1115,00;90,24
1114,00;90,49
1113,00;90,62
1112,00;90,64
1111,00;90,54
1110,00;90,32
1109,00;89,96
1108,00;89,48
1107,00;88,86
1106,00;88,12
1105,00;87,27
1104,00;86,36
1103,00;85,50
1102,00;84,79
1101,00;84,33
1100,00;84,19
1099,00;84,36
1098,00;84,78
1097,00;85,38
1096,00;86,07
1095,00;86,78
1094,00;87,46
1093,00;88,06
1092,00;88,57
1091,00;88,97
1090,00;89,28
1089,00;89,50
1088,00;89,67
1087,00;89,81
1086,00;89,93
1085,00;90,05
1084,00;90,19
1083,00;90,34
1082,00;90,51
1081,00;90,70
1080,00;90,91
1079,00;91,12
1078,00;91,32
1077,00;91,48
1076,00;91,60
1075,00;91,64
1074,00;91,58
1073,00;91,42
1072,00;91,15
1071,00;90,76
1070,00;90,27
1069,00;89,69
1068,00;89,01
1067,00;88,26
1066,00;87,42
1065,00;86,50
1064,00;85,49
1063,00;84,39
1062,00;83,21
1061,00;81,97
1060,00;80,70
1059,00;79,47
1058,00;78,36
1057,00;77,43
1056,00;76,77
1055,00;76,43
1054,00;76,41
1053,00;76,68
1052,00;77,15
1051,00;77,69
1050,00;78,14
1049,00;78,36
1048,00;78,31
1047,00;78,03
1046,00;77,68
1045,00;77,44
1044,00;77,51
1043,00;77,99
1042,00;78,89
1041,00;80,12
1040,00;81,52
1039,00;82,96
1038,00;84,32
1037,00;85,55
1036,00;86,63
1035,00;87,60
1034,00;88,47
1033,00;89,26
1032,00;89,97
1031,00;90,60
1030,00;91,15
1029,00;91,64
1028,00;92,07
1027,00;92,45
1026,00;92,80
1025,00;93,11
1024,00;93,39
1023,00;93,64
1022,00;93,87
1021,00;94,07
1020,00;94,23
1019,00;94,36
1018,00;94,46
1017,00;94,53
1016,00;94,58
1015,00;94,61
1014,00;94,63
1013,00;94,64
1012,00;94,65
1011,00;94,67
1010,00;94,70
1009,00;94,74
1008,00;94,79
1007,00;94,84
1006,00;94,91
1005,00;94,97
1004,00;95,04
1003,00;95,10
1002,00;95,15
1001,00;95,20
1000,00;95,24
999,00;95,26
998,00;95,27
997,00;95,26
996,00;95,21
995,00;95,13
994,00;94,99
993,00;94,80
992,00;94,53
991,00;94,16
990,00;93,68
989,00;93,06
988,00;92,27
987,00;91,28
986,00;90,06
985,00;88,58
984,00;86,83
983,00;84,86
982,00;82,78
981,00;80,83
980,00;79,29
979,00;78,42
978,00;78,31
977,00;78,88
976,00;79,89
975,00;81,12
974,00;82,37
973,00;83,52
972,00;84,54
971,00;85,44
970,00;86,22
969,00;86,91
968,00;87,52
967,00;88,07
966,00;88,57
965,00;89,02
964,00;89,42
963,00;89,76
962,00;90,06
961,00;90,29
960,00;90,43
959,00;90,49
958,00;90,42
957,00;90,23
956,00;89,96
955,00;89,68
954,00;89,49
953,00;89,46
952,00;89,62
951,00;89,94
950,00;90,37
949,00;90,84
948,00;91,29
947,00;91,68
946,00;91,99
945,00;92,17
944,00;92,21
943,00;92,10
942,00;91,83
941,00;91,46
940,00;91,06
939,00;90,75
938,00;90,61
937,00;90,66
936,00;90,84
935,00;91,07
934,00;91,25
933,00;91,31
932,00;91,25
931,00;91,12
930,00;91,02
929,00;91,05
928,00;91,26
927,00;91,63
926,00;92,11
925,00;92,60
924,00;93,05
923,00;93,43
922,00;93,73
921,00;93,96
920,00;94,11
919,00;94,18
918,00;94,18
917,00;94,08
916,00;93,87
915,00;93,52
914,00;93,06
913,00;92,55
912,00;92,10
911,00;91,85
910,00;91,85
909,00;92,07
908,00;92,40
907,00;92,73
906,00;92,98
905,00;93,12
904,00;93,15
903,00;93,06
902,00;92,84
901,00;92,48
900,00;91,98
899,00;91,36
898,00;90,70
897,00;90,11
896,00;89,75
895,00;89,70
894,00;89,99
893,00;90,54
892,00;91,23
891,00;91,94
890,00;92,60
889,00;93,17
888,00;93,65
887,00;94,06
886,00;94,40
885,00;94,68
884,00;94,93
883,00;95,15
882,00;95,33
881,00;95,50
880,00;95,65
879,00;95,78
878,00;95,91
877,00;96,04
876,00;96,17
875,00;96,29
874,00;96,41
873,00;96,51
872,00;96,60
871,00;96,67
870,00;96,71
869,00;96,74
868,00;96,74
867,00;96,73
866,00;96,70
865,00;96,68
864,00;96,65
863,00;96,62
862,00;96,59
861,00;96,58
860,00;96,57
859,00;96,58
858,00;96,61
857,00;96,64
856,00;96,69
855,00;96,73
854,00;96,78
853,00;96,82
852,00;96,85
851,00;96,87
850,00;96,87
849,00;96,86
848,00;96,82
847,00;96,75
846,00;96,65
845,00;96,48
844,00;96,22
843,00;95,86
842,00;95,40
841,00;94,91
840,00;94,52
839,00;94,34
838,00;94,41
837,00;94,64
836,00;94,93
835,00;95,16
834,00;95,30
833,00;95,33
832,00;95,20
831,00;94,87
830,00;94,30
829,00;93,48
828,00;92,57
827,00;91,84
826,00;91,60
825,00;91,94
824,00;92,72
823,00;93,63
822,00;94,43
821,00;95,04
820,00;95,49
819,00;95,83
818,00;96,10
817,00;96,32
816,00;96,52
815,00;96,70
814,00;96,85
813,00;96,99
812,00;97,12
811,00;97,23
810,00;97,32
809,00;97,41
808,00;97,48
807,00;97,55
806,00;97,60
805,00;97,63
804,00;97,65
803,00;97,67
802,00;97,67
801,00;97,67
800,00;97,67
799,00;97,67
798,00;97,66
797,00;97,66
796,00;97,65
795,00;97,64
794,00;97,64
793,00;97,64
792,00;97,64
791,00;97,64
790,00;97,64
789,00;97,64
788,00;97,66
787,00;97,68
786,00;97,70
785,00;97,73
784,00;97,75
783,00;97,78
782,00;97,81
781,00;97,83
780,00;97,85
779,00;97,86
778,00;97,88
777,00;97,89
776,00;97,89
775,00;97,89
774,00;97,89
773,00;97,88
772,00;97,87
771,00;97,86
770,00;97,84
769,00;97,82
768,00;97,79
767,00;97,76
766,00;97,72
765,00;97,69
764,00;97,66
763,00;97,63
762,00;97,60
761,00;97,57
760,00;97,54
759,00;97,51
758,00;97,48
757,00;97,46
756,00;97,44
755,00;97,42
754,00;97,40
753,00;97,38
752,00;97,37
751,00;97,36
750,00;97,35
749,00;97,34
748,00;97,33
747,00;97,32
746,00;97,30
745,00;97,28
744,00;97,27
743,00;97,25
742,00;97,24
741,00;97,23
740,00;97,22
739,00;97,21
738,00;97,20
737,00;97,20
736,00;97,19
735,00;97,19
734,00;97,18
733,00;97,17
732,00;97,16
731,00;97,15
730,00;97,14
729,00;97,14
728,00;97,14
727,00;97,14
726,00;97,15
725,00;97,16
724,00;97,16
723,00;97,16
722,00;97,16
721,00;97,17
720,00;97,19
719,00;97,21
718,00;97,23
717,00;97,24
716,00;97,25
715,00;97,27
714,00;97,28
713,00;97,29
712,00;97,30
711,00;97,30
710,00;97,30
709,00;97,29
708,00;97,27
707,00;97,25
706,00;97,22
705,00;97,19
704,00;97,16
703,00;97,11
702,00;97,05
701,00;96,99
700,00;96,92
699,00;96,87
698,00;96,83
697,00;96,81
696,00;96,81
695,00;96,82
694,00;96,85
693,00;96,89
692,00;96,93
691,00;96,98
690,00;97,03
689,00;97,05
688,00;97,06
687,00;97,04
686,00;96,99
685,00;96,92
684,00;96,81
683,00;96,67
682,00;96,50
681,00;96,31
680,00;96,13
679,00;95,99
678,00;95,93
677,00;95,96
676,00;96,08
675,00;96,24
674,00;96,42
673,00;96,60
672,00;96,77
671,00;96,93
670,00;97,07
669,00;97,19
668,00;97,28
667,00;97,34
666,00;97,38
665,00;97,43
664,00;97,46
663,00;97,48
662,00;97,48
661,00;97,48
660,00;97,47
659,00;97,47
658,00;97,45
657,00;97,43
656,00;97,41
655,00;97,37
654,00;97,33
653,00;97,29
652,00;97,24
651,00;97,19
650,00;97,14
649,00;97,08
648,00;97,02
647,00;96,95
646,00;96,87
645,00;96,79
644,00;96,70
643,00;96,59
642,00;96,48
641,00;96,37
640,00;96,26
639,00;96,16
638,00;96,05
637,00;95,93
636,00;95,80
635,00;95,67
634,00;95,51
633,00;95,33
632,00;95,12
631,00;94,89
630,00;94,66
629,00;94,44
628,00;94,22
627,00;94,03
626,00;93,90
625,00;93,82
624,00;93,80
623,00;93,83
622,00;93,89
621,00;93,98
620,00;94,08
619,00;94,21
618,00;94,37
617,00;94,51
616,00;94,62
615,00;94,73
614,00;94,83
613,00;94,92
612,00;95,01
611,00;95,07
610,00;95,10
609,00;95,08
608,00;95,02
607,00;94,93
606,00;94,84
605,00;94,75
604,00;94,67
603,00;94,60
602,00;94,56
601,00;94,50
600,00;94,43
599,00;94,38
598,00;94,35
597,00;94,36
596,00;94,36
595,00;94,38
594,00;94,43
593,00;94,53
592,00;94,68
591,00;94,85
590,00;95,02
589,00;95,16
588,00;95,29
587,00;95,41
586,00;95,56
585,00;95,71
584,00;95,86
583,00;96,01
582,00;96,13
581,00;96,24
580,00;96,34
579,00;96,42
578,00;96,45
577,00;96,47
576,00;96,50
575,00;96,60
574,00;96,73
573,00;96,84
572,00;96,90
571,00;96,91
570,00;96,90
569,00;96,87
568,00;96,85
567,00;96,85
566,00;96,86
565,00;96,84
564,00;96,79
563,00;96,77
562,00;96,82
561,00;96,90
560,00;96,96
559,00;96,95
558,00;96,88
557,00;96,76
556,00;96,62
555,00;96,51
554,00;96,43
553,00;96,36
552,00;96,27
551,00;96,13
550,00;96,01
